group_key,parsed_brand,parsed_scale,parsed_subject,file_count,views,confidence,best_kit_id,best_brand,best_scale,best_name,best_score,match_reasons,candidate_2,candidate_3,alternate_any_scale,notes,files
AF1200_hood,Airfix,1/1200,hood,5,back; front; left; right; top,high,168,Airfix,1/1200,H.M.S. Hood,101.71,brand; scale; 1 token overlap,,,,,AF1200_hood_back.jpg; AF1200_hood_front.jpg; AF1200_hood_left.jpg; AF1200_hood_right.jpg; AF1200_hood_top.jpg
AF144-B727,Airfix,1/144,B 727,5,back; front; left; right; top,high,169,Airfix,1/144,Boeing 727,112.0,brand; scale; 2 token overlap; name ratio,"2: Airfix 1/144 Apollo Saturn V (55.76; brand, scale)","171: Airfix 1/144 Hawker Siddeley Trident 1C (55.33; brand, scale)",,,AF144-B727_back.jpg; AF144-B727_front.jpg; AF144-B727_left.jpg; AF144-B727_right.jpg; AF144-B727_top.jpg
AF144-B727_02,Airfix,1/144,B 727,5,back; front; left; right; top,high,169,Airfix,1/144,Boeing 727,112.0,brand; scale; 2 token overlap; name ratio,"2: Airfix 1/144 Apollo Saturn V (55.76; brand, scale)","171: Airfix 1/144 Hawker Siddeley Trident 1C (55.33; brand, scale)",,,AF144-B727_02_back.jpg; AF144-B727_02_front.jpg; AF144-B727_02_left.jpg; AF144-B727_02_right.jpg; AF144-B727_02_top.jpg
AF144-DC-9-30,Airfix,1/144,DC 9,5,back; front; left; right; top,high,170,Airfix,1/144,DC-9-30,92.79,brand; scale; 2 token overlap; name ratio,"171: Airfix 1/144 Hawker Siddeley Trident 1C (56.2; brand, scale, 1 serial overlap)","172: Airfix 1/144 Transatlantic Clipper (53.84; brand, scale)",,,AF144-DC-9-30_back.jpg; AF144-DC-9-30_front.jpg; AF144-DC-9-30_left.jpg; AF144-DC-9-30_right.jpg; AF144-DC-9-30_top.jpg
AF144-Tranatl_Clipper,Airfix,1/144,Tranatl Clipper,5,back; front; left; right; top,high,172,Airfix,1/144,Transatlantic Clipper,112.0,brand; scale; 2 token overlap; name ratio,"2: Airfix 1/144 Apollo Saturn V (58.0; brand, scale)","171: Airfix 1/144 Hawker Siddeley Trident 1C (55.11; brand, scale)",,,AF144-Tranatl_Clipper_back.jpg; AF144-Tranatl_Clipper_front.jpg; AF144-Tranatl_Clipper_left.jpg; AF144-Tranatl_Clipper_right.jpg; AF144-Tranatl_Clipper_top.jpg
AF144-Tranatl_Clipper_02,Airfix,1/144,Tranatl Clipper,5,back; front; left; right; top,high,172,Airfix,1/144,Transatlantic Clipper,112.0,brand; scale; 2 token overlap; name ratio,"2: Airfix 1/144 Apollo Saturn V (58.0; brand, scale)","171: Airfix 1/144 Hawker Siddeley Trident 1C (55.11; brand, scale)",,,AF144-Tranatl_Clipper_02_back.jpg; AF144-Tranatl_Clipper_02_front.jpg; AF144-Tranatl_Clipper_02_left.jpg; AF144-Tranatl_Clipper_02_right.jpg; AF144-Tranatl_Clipper_02_top.jpg
AF144-Tranatl_Clipper_03,Airfix,1/144,Tranatl Clipper,5,back; front; left; right; top,high,172,Airfix,1/144,Transatlantic Clipper,112.0,brand; scale; 2 token overlap; name ratio,"2: Airfix 1/144 Apollo Saturn V (58.0; brand, scale)","171: Airfix 1/144 Hawker Siddeley Trident 1C (55.11; brand, scale)",,,AF144-Tranatl_Clipper_03_back.jpg; AF144-Tranatl_Clipper_03_front.jpg; AF144-Tranatl_Clipper_03_left.jpg; AF144-Tranatl_Clipper_03_right.jpg; AF144-Tranatl_Clipper_03_top.jpg
AF144-Tranatl_Clipper_04,Airfix,1/144,Tranatl Clipper,5,back; front; left; right; top,high,172,Airfix,1/144,Transatlantic Clipper,112.0,brand; scale; 2 token overlap; name ratio,"2: Airfix 1/144 Apollo Saturn V (58.0; brand, scale)","171: Airfix 1/144 Hawker Siddeley Trident 1C (55.11; brand, scale)",,,AF144-Tranatl_Clipper_04_back.jpg; AF144-Tranatl_Clipper_04_front.jpg; AF144-Tranatl_Clipper_04_left.jpg; AF144-Tranatl_Clipper_04_right.jpg; AF144-Tranatl_Clipper_04_top.jpg
AF144-Trident,Airfix,1/144,Trident,5,back; front; left; right; top,high,171,Airfix,1/144,Hawker Siddeley Trident 1C,69.68,brand; scale; 1 token overlap; user-confirmed,"172: Airfix 1/144 Transatlantic Clipper (56.86; brand, scale)","2: Airfix 1/144 Apollo Saturn V (56.55; brand, scale)",,user-confirmed match,AF144-Trident_back.jpg; AF144-Trident_front.jpg; AF144-Trident_left.jpg; AF144-Trident_right.jpg; AF144-Trident_top.jpg
AF144_SatV,Airfix,1/144,Sat V,5,back; front; left; right; top,high,2,Airfix,1/144,Apollo Saturn V,112.0,brand; scale; 2 token overlap; name ratio,"171: Airfix 1/144 Hawker Siddeley Trident 1C (58.2; brand, scale)","172: Airfix 1/144 Transatlantic Clipper (56.67; brand, scale)",,,AF144_SatV_back.jpg; AF144_SatV_front.jpg; AF144_SatV_left.jpg; AF144_SatV_right.jpg; AF144_SatV_top.jpg
AF24_HawkerHarrier,Airfix,1/24,Hawker Harrier,5,back; front; left; right; top,high,173,Airfix,1/24,Hawker Harrier,112.0,brand; scale; 2 token overlap; name ratio,"4: Airfix 1/24 Hawker Hurricane Mk1 (76.44; brand, scale, 1 token overlap)","5: Airfix 1/24 Messerschmitt Bf109E (54.68; brand, scale)",,view typo: frot->front,AF24_HawkerHarrier_back.jpg; AF24_HawkerHarrier_frot.jpg; AF24_HawkerHarrier_left.jpg; AF24_HawkerHarrier_right.jpg; AF24_HawkerHarrier_top.jpg
AF24_HawkerHurricane,Airfix,1/24,Hawker Hurricane,5,back; front; left; right; top,high,4,Airfix,1/24,Hawker Hurricane Mk1,96.67,brand; scale; 2 token overlap; name ratio,"173: Airfix 1/24 Hawker Harrier (81.87; brand, scale, 1 token overlap, name ratio)","6: Airfix 1/24 P-51D Mustang (55.19; brand, scale)",,,AF24_HawkerHurricane_back.jpg; AF24_HawkerHurricane_front.jpg; AF24_HawkerHurricane_left.jpg; AF24_HawkerHurricane_right.jpg; AF24_HawkerHurricane_top.jpg
AF24_Messerschmitt,Airfix,1/24,Messerschmitt,5,back; front; left; right; top,high,5,Airfix,1/24,Messerschmitt Bf109E,108.43,brand; scale; 2 token overlap; name ratio,"173: Airfix 1/24 Hawker Harrier (57.06; brand, scale)","4: Airfix 1/24 Hawker Hurricane Mk1 (56.0; brand, scale)",,,AF24_Messerschmitt_back.jpg; AF24_Messerschmitt_front.jpg; AF24_Messerschmitt_left.jpg; AF24_Messerschmitt_right.jpg; AF24_Messerschmitt_top.jpg
AF24_P51D_Msutang,Airfix,1/24,P 51 D Msutang,5,back; front; left; right; top,high,6,Airfix,1/24,P-51D Mustang,108.16,brand; scale; 2 token overlap; name ratio,"4: Airfix 1/24 Hawker Hurricane Mk1 (52.94; brand, scale)","5: Airfix 1/24 Messerschmitt Bf109E (52.57; brand, scale)",,,AF24_P51D_Msutang_back.jpg; AF24_P51D_Msutang_front.jpg; AF24_P51D_Msutang_left.jpg; AF24_P51D_Msutang_right.jpg; AF24_P51D_Msutang_top.jpg
AF24_P51D_Msutang_02MPC,Airfix,1/24,P 51 D Msutang MPC,5,back; front; left; right; top,high,6,Airfix,1/24,P-51D Mustang,94.0,brand; scale; 2 token overlap; name ratio,"4: Airfix 1/24 Hawker Hurricane Mk1 (52.72; brand, scale)","5: Airfix 1/24 Messerschmitt Bf109E (52.4; brand, scale)",,filename mentions MPC/rebox; view typo: backjpg->back,AF24_P51D_Msutang_02MPC_backjpg.jpg; AF24_P51D_Msutang_02MPC_front.jpg; AF24_P51D_Msutang_02MPC_left.jpg; AF24_P51D_Msutang_02MPC_right.jpg; AF24_P51D_Msutang_02MPC_top.jpg
AF24_P51D_Msutang_03,Airfix,1/24,P 51 D Msutang,5,back; front; left; right; top,high,6,Airfix,1/24,P-51D Mustang,108.16,brand; scale; 2 token overlap; name ratio,"4: Airfix 1/24 Hawker Hurricane Mk1 (52.94; brand, scale)","5: Airfix 1/24 Messerschmitt Bf109E (52.57; brand, scale)",,,AF24_P51D_Msutang_03_back.jpg; AF24_P51D_Msutang_03_front.jpg; AF24_P51D_Msutang_03_left.jpg; AF24_P51D_Msutang_03_right.jpg; AF24_P51D_Msutang_03_top.jpg
AF600_ArkRoyal,Airfix,1/600,Ark Royal,5,back; front; left; right; top,high,175,Airfix,1/600,H.M.S. Ark Royal,106.0,brand; scale; 2 token overlap; name ratio,"8: Airfix 1/600 Scharnhorst (57.2; brand, scale)","174: Airfix 1/600 Bismarck / Tirpitz (56.86; brand, scale)",,,AF600_ArkRoyal_back.jpg; AF600_ArkRoyal_front.jpg; AF600_ArkRoyal_left.jpg; AF600_ArkRoyal_right.jpg; AF600_ArkRoyal_top.jpg
AF600_Belfast,Airfix,1/600,Belfast,5,back; front; left; right; top,high,176,Airfix,1/600,H.M.S. Belfast,104.8,brand; scale; 1 token overlap,"8: Airfix 1/600 Scharnhorst (58.0; brand, scale)","379: Airfix 1/600 H.M.S. Campbelltown (57.68; brand, scale)",,,AF600_Belfast_back.jpg; AF600_Belfast_front.jpg; AF600_Belfast_left.png; AF600_Belfast_right.png; AF600_Belfast_top.jpg
AF600_Belfast_02,Airfix,1/600,Belfast,5,back; front; left; right; top,high,176,Airfix,1/600,H.M.S. Belfast,104.8,brand; scale; 1 token overlap,"8: Airfix 1/600 Scharnhorst (58.0; brand, scale)","379: Airfix 1/600 H.M.S. Campbelltown (57.68; brand, scale)",,,AF600_Belfast_02_back.jpg; AF600_Belfast_02_front.jpg; AF600_Belfast_02_left.jpg; AF600_Belfast_02_right.jpg; AF600_Belfast_02_top.jpg
AF600_Bismarck,Airfix,1/600,Bismarck,5,back; front; left; right; top,high,174,Airfix,1/600,Bismarck / Tirpitz,103.67,brand; scale; 2 token overlap,"380: Airfix 1/600 H.M.S. Warspite (59.6; brand, scale)","175: Airfix 1/600 H.M.S. Ark Royal (59.29; brand, scale)",,,AF600_Bismarck_back.jpg; AF600_Bismarck_front.jpg; AF600_Bismarck_left.jpg; AF600_Bismarck_right.jpg; AF600_Bismarck_top.jpg
AF600_Bismarck_02,Airfix,1/600,Bismarck,5,back; front; left; right; top,high,174,Airfix,1/600,Bismarck / Tirpitz,103.67,brand; scale; 2 token overlap,"380: Airfix 1/600 H.M.S. Warspite (59.6; brand, scale)","175: Airfix 1/600 H.M.S. Ark Royal (59.29; brand, scale)",,,AF600_Bismarck_02_back.jpg; AF600_Bismarck_02_front.jpg; AF600_Bismarck_02_left.jpg; AF600_Bismarck_02_right.jpg; AF600_Bismarck_02_top.jpg
AF600_Bismarck_03,Airfix,1/600,Bismarck,5,back; front; left; right; top,high,174,Airfix,1/600,Bismarck / Tirpitz,103.67,brand; scale; 2 token overlap,"380: Airfix 1/600 H.M.S. Warspite (59.6; brand, scale)","175: Airfix 1/600 H.M.S. Ark Royal (59.29; brand, scale)",,,AF600_Bismarck_03_back.jpg; AF600_Bismarck_03_front.jpg; AF600_Bismarck_03_left.jpg; AF600_Bismarck_03_right.jpg; AF600_Bismarck_03_top.jpg
AF600_Bismarck_04CM,Airfix,1/600,Bismarck CM,5,back; front; left; right; top,high,174,Airfix,1/600,Bismarck / Tirpitz,91.95,brand; scale; 2 token overlap,"380: Airfix 1/600 H.M.S. Warspite (58.73; brand, scale)","175: Airfix 1/600 H.M.S. Ark Royal (58.47; brand, scale)",,filename mentions CM,AF600_Bismarck_04CM_back.jpg; AF600_Bismarck_04CM_front.jpg; AF600_Bismarck_04CM_left.jpg; AF600_Bismarck_04CM_right.jpg; AF600_Bismarck_04CM_top.jpg
AF600_Bismarck_05,Airfix,1/600,Bismarck,5,back; front; left; right; top,high,174,Airfix,1/600,Bismarck / Tirpitz,103.67,brand; scale; 2 token overlap,"380: Airfix 1/600 H.M.S. Warspite (59.6; brand, scale)","175: Airfix 1/600 H.M.S. Ark Royal (59.29; brand, scale)",,,AF600_Bismarck_05_back.jpg; AF600_Bismarck_05_front.jpg; AF600_Bismarck_05_left.jpg; AF600_Bismarck_05_right.jpg; AF600_Bismarck_05_top.jpg
AF600_Bismarck_06_Tirpitz,Airfix,1/600,Bismarck 06 Tirpitz,5,back; front; left; right; top,high,174,Airfix,1/600,Bismarck / Tirpitz,98.29,brand; scale; 2 token overlap; name ratio,"175: Airfix 1/600 H.M.S. Ark Royal (56.59; brand, scale)","7: Airfix 1/600 R.M.S. Mauretania (56.46; brand, scale)",,,AF600_Bismarck_06_Tirpitz_back.jpg; AF600_Bismarck_06_Tirpitz_front.jpg; AF600_Bismarck_06_Tirpitz_left.jpg; AF600_Bismarck_06_Tirpitz_right.jpg; AF600_Bismarck_06_Tirpitz_top.jpg
AF600_Bismarck_07_Tirpitz,Airfix,1/600,Bismarck 07 Tirpitz,5,back; front; left; right; top,high,174,Airfix,1/600,Bismarck / Tirpitz,98.29,brand; scale; 2 token overlap; name ratio,"175: Airfix 1/600 H.M.S. Ark Royal (56.59; brand, scale)","7: Airfix 1/600 R.M.S. Mauretania (56.46; brand, scale)",,,AF600_Bismarck_07_Tirpitz_back.jpg; AF600_Bismarck_07_Tirpitz_front.jpg; AF600_Bismarck_07_Tirpitz_left.jpg; AF600_Bismarck_07_Tirpitz_right.jpg; AF600_Bismarck_07_Tirpitz_top.jpg
AF600_Devonshire,Airfix,1/600,Devonshire,5,back; front; left; right; top,high,177,Airfix,1/600,H.M.S. Devonshire,106.46,brand; scale; 1 token overlap; name ratio,"178: Airfix 1/600 H.M.S. Nelson (56.55; brand, scale)","7: Airfix 1/600 R.M.S. Mauretania (55.54; brand, scale)",,,AF600_Devonshire_back.jpg; AF600_Devonshire_front.jpg; AF600_Devonshire_left.jpg; AF600_Devonshire_right.jpg; AF600_Devonshire_top.jpg
AF600_Devonshire_02,Airfix,1/600,Devonshire,5,back; front; left; right; top,high,177,Airfix,1/600,H.M.S. Devonshire,106.46,brand; scale; 1 token overlap; name ratio,"178: Airfix 1/600 H.M.S. Nelson (56.55; brand, scale)","7: Airfix 1/600 R.M.S. Mauretania (55.54; brand, scale)",,,AF600_Devonshire_02_back.jpg; AF600_Devonshire_02_front.jpg; AF600_Devonshire_02_left.jpg; AF600_Devonshire_02_right.jpg; AF600_Devonshire_02_top.jpg
AF600_Devonshire_03,Airfix,1/600,Devonshire,5,back; front; left; right; top,high,177,Airfix,1/600,H.M.S. Devonshire,106.46,brand; scale; 1 token overlap; name ratio,"178: Airfix 1/600 H.M.S. Nelson (56.55; brand, scale)","7: Airfix 1/600 R.M.S. Mauretania (55.54; brand, scale)",,,AF600_Devonshire_03_back.jpg; AF600_Devonshire_03_front.jpg; AF600_Devonshire_03_left.jpg; AF600_Devonshire_03_right.jpg; AF600_Devonshire_03_top.jpg
AF600_GrafSpee,Airfix,1/600,Graf Spee,5,back; front; left; right; top,high,9,Airfix,1/600,Graf Spee,112.0,brand; scale; 2 token overlap; name ratio,"380: Airfix 1/600 H.M.S. Warspite (58.35; brand, scale)","179: Airfix 1/600 SS France (58.0; brand, scale)",,,AF600_GrafSpee_back.jpg; AF600_GrafSpee_front.jpg; AF600_GrafSpee_left.jpg; AF600_GrafSpee_right.jpg; AF600_GrafSpee_top.jpg
AF600_GrafSpee_02,Airfix,1/600,Graf Spee,5,back; front; left; right; top,high,9,Airfix,1/600,Graf Spee,112.0,brand; scale; 2 token overlap; name ratio,"380: Airfix 1/600 H.M.S. Warspite (58.35; brand, scale)","179: Airfix 1/600 SS France (58.0; brand, scale)",,,AF600_GrafSpee_02_back.jpg; AF600_GrafSpee_02_front.jpg; AF600_GrafSpee_02_left.jpg; AF600_GrafSpee_02_right.jpg; AF600_GrafSpee_02_top.jpg
AF600_GrafSpee_03,Airfix,1/600,Graf Spee,5,back; front; left; right; top,high,9,Airfix,1/600,Graf Spee,112.0,brand; scale; 2 token overlap; name ratio,"380: Airfix 1/600 H.M.S. Warspite (58.35; brand, scale)","179: Airfix 1/600 SS France (58.0; brand, scale)",,,AF600_GrafSpee_03_back.jpg; AF600_GrafSpee_03_front.jpg; AF600_GrafSpee_03_left.jpg; AF600_GrafSpee_03_right.jpg; AF600_GrafSpee_03_top.jpg
AF600_Hood,Airfix,1/600,Hood,5,back; front; left; right; top,high,451,Airfix,1/600,H.M.S. Hood,101.71,brand; scale; 1 token overlap,"8: Airfix 1/600 Scharnhorst (56.4; brand, scale)","178: Airfix 1/600 H.M.S. Nelson (56.0; brand, scale)",,view typo: topo->top,AF600_Hood_back.jpg; AF600_Hood_front.jpg; AF600_Hood_left.jpg; AF600_Hood_right.jpg; AF600_Hood_topo.jpg
AF600_hood_02,Airfix,1/600,hood,5,back; front; left; right; top,high,451,Airfix,1/600,H.M.S. Hood,101.71,brand; scale; 1 token overlap,"8: Airfix 1/600 Scharnhorst (56.4; brand, scale)","178: Airfix 1/600 H.M.S. Nelson (56.0; brand, scale)",,,AF600_hood_02_back.jpg; AF600_hood_02_front.jpg; AF600_hood_02_left.jpg; AF600_hood_02_right.jpg; AF600_hood_02_top.jpg
AF600_hood_03,Airfix,1/600,hood,5,back; front; left; right; top,high,451,Airfix,1/600,H.M.S. Hood,101.71,brand; scale; 1 token overlap,"8: Airfix 1/600 Scharnhorst (56.4; brand, scale)","178: Airfix 1/600 H.M.S. Nelson (56.0; brand, scale)",,,AF600_hood_03_back.jpg; AF600_hood_03_front.jpg; AF600_hood_03_left.jpg; AF600_hood_03_right.jpg; AF600_hood_03_top.jpg
AF600_hood_04,Airfix,1/600,hood,5,back; front; left; right; top,high,451,Airfix,1/600,H.M.S. Hood,101.71,brand; scale; 1 token overlap,"8: Airfix 1/600 Scharnhorst (56.4; brand, scale)","178: Airfix 1/600 H.M.S. Nelson (56.0; brand, scale)",,,AF600_hood_04_back.jpg; AF600_hood_04_front.jpg; AF600_hood_04_left.jpg; AF600_hood_04_right.jpg; AF600_hood_04_top.jpg
AF600_hood_05,Airfix,1/600,hood,5,back; front; left; right; top,high,451,Airfix,1/600,H.M.S. Hood,101.71,brand; scale; 1 token overlap,"8: Airfix 1/600 Scharnhorst (56.4; brand, scale)","178: Airfix 1/600 H.M.S. Nelson (56.0; brand, scale)",,,AF600_hood_05_back.jpg; AF600_hood_05_front.jpg; AF600_hood_05_left.jpg; AF600_hood_05_right.jpg; AF600_hood_05_top.jpg
AF600_Mauretania,Airfix,1/600,Mauretania,5,back; front; left; right; top,high,7,Airfix,1/600,R.M.S. Mauretania,106.46,brand; scale; 1 token overlap; name ratio,"379: Airfix 1/600 H.M.S. Campbelltown (58.57; brand, scale)","380: Airfix 1/600 H.M.S. Warspite (58.0; brand, scale)",,,AF600_Mauretania_back.jpg; AF600_Mauretania_front.jpg; AF600_Mauretania_left.jpg; AF600_Mauretania_right.jpg; AF600_Mauretania_top.jpg
AF600_Mauretania_02,Airfix,1/600,Mauretania,5,back; front; left; right; top,high,7,Airfix,1/600,R.M.S. Mauretania,106.46,brand; scale; 1 token overlap; name ratio,"379: Airfix 1/600 H.M.S. Campbelltown (58.57; brand, scale)","380: Airfix 1/600 H.M.S. Warspite (58.0; brand, scale)",,,AF600_Mauretania_02_back.jpg; AF600_Mauretania_02_front.jpg; AF600_Mauretania_02_left.jpg; AF600_Mauretania_02_right.jpg; AF600_Mauretania_02_top.jpg
AF600_nelson,Airfix,1/600,nelson,1,back,high,178,Airfix,1/600,H.M.S. Nelson,104.0,brand; scale; 1 token overlap,"379: Airfix 1/600 H.M.S. Campbelltown (58.0; brand, scale)","176: Airfix 1/600 H.M.S. Belfast (57.58; brand, scale)",,,AF600_nelson_back.jpg
AF600_Nelson,Airfix,1/600,Nelson,4,front; left; right; top,high,178,Airfix,1/600,H.M.S. Nelson,104.0,brand; scale; 1 token overlap,"379: Airfix 1/600 H.M.S. Campbelltown (58.0; brand, scale)","176: Airfix 1/600 H.M.S. Belfast (57.58; brand, scale)",,paceholder,AF600_Nelson_front_paceholder.jpg; AF600_Nelson_left.jpg; AF600_Nelson_right.jpg; AF600_Nelson_top.jpg
AF600_Nelson_02,Airfix,1/600,Nelson,5,back; front; left; right; top,high,178,Airfix,1/600,H.M.S. Nelson,104.0,brand; scale; 1 token overlap,"379: Airfix 1/600 H.M.S. Campbelltown (58.0; brand, scale)","176: Airfix 1/600 H.M.S. Belfast (57.58; brand, scale)",,,AF600_Nelson_02_back.jpg; AF600_Nelson_02_front.jpg; AF600_Nelson_02_left.jpg; AF600_Nelson_02_right.jpg; AF600_Nelson_02_top.jpg
AF600_Nelson_03,Airfix,1/600,Nelson,5,back; front; left; right; top,high,178,Airfix,1/600,H.M.S. Nelson,104.0,brand; scale; 1 token overlap,"379: Airfix 1/600 H.M.S. Campbelltown (58.0; brand, scale)","176: Airfix 1/600 H.M.S. Belfast (57.58; brand, scale)",,,AF600_Nelson_03_back.jpg; AF600_Nelson_03_front.jpg; AF600_Nelson_03_left.jpg; AF600_Nelson_03_right.jpg; AF600_Nelson_03_top.jpg
AMT_1-25_1958-Chevy-Impala,AMT,1/25,1958 Chevy Impala,5,back; front; left; right; top,high,203,AMT,1/25,1958 Chevy Impala,112.0,brand; scale; 3 token overlap; name ratio,"209: AMT 1/25 55 Chevy Nomad (73.08; brand, scale, 1 token overlap)","216: AMT 1/25 Chevy Titan 90 (69.99; brand, scale, 1 token overlap)",,,AMT_1-25_1958-Chevy-Impala_back.png; AMT_1-25_1958-Chevy-Impala_front.png; AMT_1-25_1958-Chevy-Impala_left.png; AMT_1-25_1958-Chevy-Impala_right.png; AMT_1-25_1958-Chevy-Impala_top.png
AMT_1-25_32-Ford-Five-Window-,AMT,1/25,32 Ford Five Window,5,back; front; left; right; top,high,204,AMT,1/25,32 Ford Five-Window Coupe,101.13,brand; scale; 4 token overlap; name ratio,"205: AMT 1/25 32 Ford Phaeton (79.32; brand, scale, 2 token overlap)","206: AMT 1/25 34 Ford Pickup (67.97; brand, scale, 1 token overlap)",,,AMT_1-25_32-Ford-Five-Window-_back.png; AMT_1-25_32-Ford-Five-Window-_front.png; AMT_1-25_32-Ford-Five-Window-_left.png; AMT_1-25_32-Ford-Five-Window-_right.png; AMT_1-25_32-Ford-Five-Window-_top.png
AMT_1-25_32-Ford-Phaeton,AMT,1/25,32 Ford Phaeton,5,back; front; left; right; top,high,205,AMT,1/25,32 Ford Phaeton,112.0,brand; scale; 3 token overlap; name ratio,"204: AMT 1/25 32 Ford Five-Window Coupe (74.67; brand, scale, 2 token overlap)","206: AMT 1/25 34 Ford Pickup (70.84; brand, scale, 1 token overlap)",,,AMT_1-25_32-Ford-Phaeton_back.png; AMT_1-25_32-Ford-Phaeton_front.png; AMT_1-25_32-Ford-Phaeton_left.png; AMT_1-25_32-Ford-Phaeton_right.png; AMT_1-25_32-Ford-Phaeton_top.png
AMT_1-25_34-Ford-Pickup,AMT,1/25,34 Ford Pickup,5,back; front; left; right; top,high,206,AMT,1/25,34 Ford Pickup,112.0,brand; scale; 3 token overlap; name ratio,"234: AMT 1/25 New Ford Pickup (88.86; brand, scale, 2 token overlap, name ratio)","208: AMT 1/25 53 Ford Pickup Street Rods (78.27; brand, scale, 2 token overlap)",,,AMT_1-25_34-Ford-Pickup_back.png; AMT_1-25_34-Ford-Pickup_front.png; AMT_1-25_34-Ford-Pickup_left.png; AMT_1-25_34-Ford-Pickup_right.png; AMT_1-25_34-Ford-Pickup_top.png
AMT_1-25_53-Ford-Pickup-Stree,AMT,1/25,53 Ford Pickup Stree,5,back; front; left; right; top,high,208,AMT,1/25,53 Ford Pickup Street Rods,89.87,brand; scale; 3 token overlap; name ratio,"206: AMT 1/25 34 Ford Pickup (83.55; brand, scale, 2 token overlap, name ratio)","234: AMT 1/25 New Ford Pickup (81.66; brand, scale, 2 token overlap)",,,AMT_1-25_53-Ford-Pickup-Stree_back.png; AMT_1-25_53-Ford-Pickup-Stree_front.png; AMT_1-25_53-Ford-Pickup-Stree_left.png; AMT_1-25_53-Ford-Pickup-Stree_right.png; AMT_1-25_53-Ford-Pickup-Stree_top.png
AMT_1-25_55-Chevy-Nomad,AMT,1/25,55 Chevy Nomad,5,back; front; left; right; top,high,209,AMT,1/25,55 Chevy Nomad,112.0,brand; scale; 3 token overlap; name ratio,"203: AMT 1/25 1958 Chevy Impala (73.08; brand, scale, 1 token overlap)","210: AMT 1/25 59 Chevy El Camino (71.33; brand, scale, 1 token overlap)",,,AMT_1-25_55-Chevy-Nomad_back.png; AMT_1-25_55-Chevy-Nomad_front.png; AMT_1-25_55-Chevy-Nomad_left.png; AMT_1-25_55-Chevy-Nomad_right.png; AMT_1-25_55-Chevy-Nomad_top.png
AMT_1-25_57-Chevy-Bel-Air-Har,AMT,1/25,57 Chevy Bel Air Har,5,back; front; left; right; top,high,27,AMT,1/25,57 Chevy Bel Air Hardtop,97.15,brand; scale; 4 token overlap; name ratio,"210: AMT 1/25 59 Chevy El Camino (71.17; brand, scale, 1 token overlap)","203: AMT 1/25 1958 Chevy Impala (68.4; brand, scale, 1 token overlap)",,,AMT_1-25_57-Chevy-Bel-Air-Har_back.png; AMT_1-25_57-Chevy-Bel-Air-Har_front.png; AMT_1-25_57-Chevy-Bel-Air-Har_left.png; AMT_1-25_57-Chevy-Bel-Air-Har_right.png; AMT_1-25_57-Chevy-Bel-Air-Har_top.png
AMT_1-25_57-Chevy-Bel-Air-Har_2,AMT,1/25,57 Chevy Bel Air Har,5,back; front; left; right; top,high,27,AMT,1/25,57 Chevy Bel Air Hardtop,97.15,brand; scale; 4 token overlap; name ratio,"210: AMT 1/25 59 Chevy El Camino (71.17; brand, scale, 1 token overlap)","203: AMT 1/25 1958 Chevy Impala (68.4; brand, scale, 1 token overlap)",,,AMT_1-25_57-Chevy-Bel-Air-Har_2_back.png; AMT_1-25_57-Chevy-Bel-Air-Har_2_front.png; AMT_1-25_57-Chevy-Bel-Air-Har_2_left.png; AMT_1-25_57-Chevy-Bel-Air-Har_2_right.png; AMT_1-25_57-Chevy-Bel-Air-Har_2_top.png
AMT_1-25_57-Chevy-Bel-Air-Har_3,AMT,1/25,57 Chevy Bel Air Har,5,back; front; left; right; top,high,27,AMT,1/25,57 Chevy Bel Air Hardtop,97.15,brand; scale; 4 token overlap; name ratio,"210: AMT 1/25 59 Chevy El Camino (71.17; brand, scale, 1 token overlap)","203: AMT 1/25 1958 Chevy Impala (68.4; brand, scale, 1 token overlap)",,,AMT_1-25_57-Chevy-Bel-Air-Har_3_back.png; AMT_1-25_57-Chevy-Bel-Air-Har_3_front.png; AMT_1-25_57-Chevy-Bel-Air-Har_3_left.png; AMT_1-25_57-Chevy-Bel-Air-Har_3_right.png; AMT_1-25_57-Chevy-Bel-Air-Har_3_top.png
AMT_1-25_57-Chevy-Bel-Air-Har_4,AMT,1/25,57 Chevy Bel Air Har,5,back; front; left; right; top,high,27,AMT,1/25,57 Chevy Bel Air Hardtop,97.15,brand; scale; 4 token overlap; name ratio,"210: AMT 1/25 59 Chevy El Camino (71.17; brand, scale, 1 token overlap)","203: AMT 1/25 1958 Chevy Impala (68.4; brand, scale, 1 token overlap)",,,AMT_1-25_57-Chevy-Bel-Air-Har_4_back.png; AMT_1-25_57-Chevy-Bel-Air-Har_4_front.png; AMT_1-25_57-Chevy-Bel-Air-Har_4_left.png; AMT_1-25_57-Chevy-Bel-Air-Har_4_right.png; AMT_1-25_57-Chevy-Bel-Air-Har_4_top.png
AMT_1-25_57-Chevy-Bel-Air-Har_5,AMT,1/25,57 Chevy Bel Air Har,5,back; front; left; right; top,high,27,AMT,1/25,57 Chevy Bel Air Hardtop,97.15,brand; scale; 4 token overlap; name ratio,"210: AMT 1/25 59 Chevy El Camino (71.17; brand, scale, 1 token overlap)","203: AMT 1/25 1958 Chevy Impala (68.4; brand, scale, 1 token overlap)",,,AMT_1-25_57-Chevy-Bel-Air-Har_5_back.png; AMT_1-25_57-Chevy-Bel-Air-Har_5_front.png; AMT_1-25_57-Chevy-Bel-Air-Har_5_left.png; AMT_1-25_57-Chevy-Bel-Air-Har_5_right.png; AMT_1-25_57-Chevy-Bel-Air-Har_5_top.png
AMT_1-25_59-Chevy-El-Camino,AMT,1/25,59 Chevy El Camino,5,back; front; left; right; top,high,210,AMT,1/25,59 Chevy El Camino,112.0,brand; scale; 4 token overlap; name ratio,"209: AMT 1/25 55 Chevy Nomad (71.33; brand, scale, 1 token overlap)","27: AMT 1/25 57 Chevy Bel Air Hardtop (70.75; brand, scale, 1 token overlap)",,,AMT_1-25_59-Chevy-El-Camino_back.png; AMT_1-25_59-Chevy-El-Camino_front.png; AMT_1-25_59-Chevy-El-Camino_left.png; AMT_1-25_59-Chevy-El-Camino_right.png; AMT_1-25_59-Chevy-El-Camino_top.png
AMT_1-25_63-Corvette-Stingray,AMT,1/25,63 Corvette Stingray,5,back; front; left; right; top,high,211,AMT,1/25,63 Corvette Stingray,112.0,brand; scale; 3 token overlap; name ratio,"220: AMT 1/25 DRAGRAY Corvette Funny Car (68.86; brand, scale, 1 token overlap)","251: AMT 1/25 Corvair Custom (59.88; brand, scale)",,,AMT_1-25_63-Corvette-Stingray_back.png; AMT_1-25_63-Corvette-Stingray_front.png; AMT_1-25_63-Corvette-Stingray_left.png; AMT_1-25_63-Corvette-Stingray_right.png; AMT_1-25_63-Corvette-Stingray_top.png
AMT_1-25_65-Ford-Galaxie-XL,AMT,1/25,65 Ford Galaxie XL,5,back; front; left; right,high,212,AMT,1/25,65 Ford Galaxie XL,112.0,brand; scale; 4 token overlap; name ratio,"205: AMT 1/25 32 Ford Phaeton (67.97; brand, scale, 1 token overlap)","207: AMT 1/25 40 Ford Sedan Delivery (67.43; brand, scale, 1 token overlap)",,view typo: back (1)->back,AMT_1-25_65-Ford-Galaxie-XL_back (1).png; AMT_1-25_65-Ford-Galaxie-XL_back.png; AMT_1-25_65-Ford-Galaxie-XL_front.png; AMT_1-25_65-Ford-Galaxie-XL_left.png; AMT_1-25_65-Ford-Galaxie-XL_right.png
