attachment_filename,attachment_href,local_path,exists,aid,normalized_attachment,match_kind,confidence,map_id,map_name,previous_map_image_id,image_id,image_status,update_status,family_status
Top Back Left 07 copy.jpg,../images/Top Back Left 07 copy_aid_11357.php,D:\Manuel\MillenniumFalcon\Websites\scifikitbash_mirror\images\Top Back Left 07 copy_aid_11357.php,True,11357,top back left 07,collapsed-top-back,0.92,55,Top Back 05 / 07,480,479,existing,map-image-link-added-primary-unchanged,family-member-variant
Top Back 05 copy.jpg,../images/Top Back 05 copy_aid_11356.php,D:\Manuel\MillenniumFalcon\Websites\scifikitbash_mirror\images\Top Back 05 copy_aid_11356.php,True,11356,top back 05,collapsed-top-back,0.92,55,Top Back 05 / 07,480,480,existing,primary-linked,not-needed
starboard walkway top copy.jpg,../images/starboard walkway top copy_aid_11355.php,D:\Manuel\MillenniumFalcon\Websites\scifikitbash_mirror\images\starboard walkway top copy_aid_11355.php,True,11355,starboard walkway top,exact,1.0,54,Starboard walkway top,481,481,existing,primary-linked,not-needed
Starboard walkway bottom copy.jpg,../images/Starboard walkway bottom copy_aid_11354.php,D:\Manuel\MillenniumFalcon\Websites\scifikitbash_mirror\images\Starboard walkway bottom copy_aid_11354.php,True,11354,starboard walkway bottom,exact,1.0,53,Starboard walkway bottom,482,482,existing,primary-linked,not-needed
starboard ventral rear quarter copy.jpg,../images/starboard ventral rear quarter copy_aid_11353.php,D:\Manuel\MillenniumFalcon\Websites\scifikitbash_mirror\images\starboard ventral rear quarter copy_aid_11353.php,True,11353,starboard ventral rear quarter,exact,1.0,52,starboard ventral rear quarter,483,483,existing,primary-linked,not-needed
starboard ventral forward quarter copy.jpg,../images/starboard ventral forward quarter copy_aid_11352.php,D:\Manuel\MillenniumFalcon\Websites\scifikitbash_mirror\images\starboard ventral forward quarter copy_aid_11352.php,True,11352,starboard ventral forward quarter,exact,1.0,51,starboard ventral forward quarter,484,484,existing,primary-linked,not-needed
starboard top small pit copy.jpg,../images/starboard top small pit copy_aid_11351.php,D:\Manuel\MillenniumFalcon\Websites\scifikitbash_mirror\images\starboard top small pit copy_aid_11351.php,True,11351,starboard top small pit,exact,1.0,50,starboard top small pit,485,485,existing,primary-linked,not-needed
starboard top maintenence pit copy.jpg,../images/starboard top maintenence pit copy_aid_11350.php,D:\Manuel\MillenniumFalcon\Websites\scifikitbash_mirror\images\starboard top maintenence pit copy_aid_11350.php,True,11350,starboard top maintenance pit,exact,1.0,49,starboard top maintenance pit,486,486,existing,primary-linked,not-needed
Starboard sidewall rear 2 copy.jpg,../images/Starboard sidewall rear 2 copy_aid_11349.php,D:\Manuel\MillenniumFalcon\Websites\scifikitbash_mirror\images\Starboard sidewall rear 2 copy_aid_11349.php,True,11349,starboard sidewall rear 2,exact,1.0,48,Starboard sidewall rear 2,487,487,existing,primary-linked,not-needed
starboard sidewall cockpit copy.jpg,../images/starboard sidewall cockpit copy_aid_11348.php,D:\Manuel\MillenniumFalcon\Websites\scifikitbash_mirror\images\starboard sidewall cockpit copy_aid_11348.php,True,11348,starboard sidewall cockpit,exact,1.0,47,starboard sidewall cockpit,488,488,existing,primary-linked,not-needed
starboard outer mandible copy.jpg,../images/starboard outer mandible copy_aid_11363.php,D:\Manuel\MillenniumFalcon\Websites\scifikitbash_mirror\images\starboard outer mandible copy_aid_11363.php,True,11363,starboard outer mandible,exact,1.0,45,starboard outer mandible,489,489,existing,primary-linked,not-needed
Starboard rear pie section copy.jpg,../images/Starboard rear pie section copy_aid_11347.php,D:\Manuel\MillenniumFalcon\Websites\scifikitbash_mirror\images\Starboard rear pie section copy_aid_11347.php,True,11347,starboard rear pie section,exact,1.0,46,Starboard rear pie section,490,490,existing,primary-linked,not-needed
Starboard Mandilbe top copy.jpg,../images/Starboard Mandilbe top copy_aid_11345.php,D:\Manuel\MillenniumFalcon\Websites\scifikitbash_mirror\images\Starboard Mandilbe top copy_aid_11345.php,True,11345,starboard mandible top,exact,1.0,44,Starboard Mandible top,491,491,existing,primary-linked,not-needed
Starboard mandible bottom copy.jpg,../images/Starboard mandible bottom copy_aid_11344.php,D:\Manuel\MillenniumFalcon\Websites\scifikitbash_mirror\images\Starboard mandible bottom copy_aid_11344.php,True,11344,starboard mandible bottom,exact,1.0,43,Starboard mandible bottom,492,492,existing,primary-linked,not-needed
Starboard lower maintenance pit2 copy.jpg,../images/Starboard lower maintenance pit2 copy_aid_11343.php,D:\Manuel\MillenniumFalcon\Websites\scifikitbash_mirror\images\Starboard lower maintenance pit2 copy_aid_11343.php,True,11343,starboard lower maintenance pit2,contains,0.82,42,Starboard lower maintenance pit,494,493,existing,map-image-link-added-primary-unchanged,family-member-variant
Starboard lower maintenance pit copy.jpg,../images/Starboard lower maintenance pit copy_aid_11342.php,D:\Manuel\MillenniumFalcon\Websites\scifikitbash_mirror\images\Starboard lower maintenance pit copy_aid_11342.php,True,11342,starboard lower maintenance pit,exact,1.0,42,Starboard lower maintenance pit,494,494,existing,primary-linked,not-needed
Starboard inner mandible copy.jpg,../images/Starboard inner mandible copy_aid_11341.php,D:\Manuel\MillenniumFalcon\Websites\scifikitbash_mirror\images\Starboard inner mandible copy_aid_11341.php,True,11341,starboard inner mandible,exact,1.0,41,Starboard inner mandible,495,495,existing,primary-linked,not-needed
starboard front quarter copy.jpg,../images/starboard front quarter copy_aid_11340.php,D:\Manuel\MillenniumFalcon\Websites\scifikitbash_mirror\images\starboard front quarter copy_aid_11340.php,True,11340,starboard front quarter,exact,1.0,40,starboard front quarter,496,496,existing,primary-linked,not-needed
Starboard docking ring copy.jpg,../images/Starboard docking ring copy_aid_11339.php,D:\Manuel\MillenniumFalcon\Websites\scifikitbash_mirror\images\Starboard docking ring copy_aid_11339.php,True,11339,starboard docking ring,exact,1.0,39,Starboard docking ring,497,497,existing,primary-linked,not-needed
Starboard bottom rear mandible pit copy.jpg,../images/Starboard bottom rear mandible pit copy_aid_11338.php,D:\Manuel\MillenniumFalcon\Websites\scifikitbash_mirror\images\Starboard bottom rear mandible pit copy_aid_11338.php,True,11338,starboard bottom rear mandible pit,exact,1.0,38,Starboard bottom rear mandible pit,498,498,existing,primary-linked,not-needed
starboard bottom front mandible pit copy.jpg,../images/starboard bottom front mandible pit copy_aid_11337.php,D:\Manuel\MillenniumFalcon\Websites\scifikitbash_mirror\images\starboard bottom front mandible pit copy_aid_11337.php,True,11337,starboard bottom front mandible pit,exact,1.0,37,starboard bottom front mandible pit,499,499,existing,primary-linked,not-needed
Rear Starboard Top Pit copy.jpg,../images/Rear Starboard Top Pit copy_aid_11336.php,D:\Manuel\MillenniumFalcon\Websites\scifikitbash_mirror\images\Rear Starboard Top Pit copy_aid_11336.php,True,11336,rear starboard top pit,exact,1.0,36,Rear Starboard Top Pit,500,500,existing,primary-linked,not-needed
Rear Port Top Pit copy.jpg,../images/Rear Port Top Pit copy_aid_11335.php,D:\Manuel\MillenniumFalcon\Websites\scifikitbash_mirror\images\Rear Port Top Pit copy_aid_11335.php,True,11335,rear port top pit,exact,1.0,35,Rear Port Top Pit,501,501,existing,primary-linked,not-needed
Radar front copy.jpg,../images/Radar front copy_aid_11334.php,D:\Manuel\MillenniumFalcon\Websites\scifikitbash_mirror\images\Radar front copy_aid_11334.php,True,11334,radar front,detail-of-complete-radar,0.88,8,complete radar,478,536,created,map-image-link-added-primary-unchanged,family-member-detail
quad cannon copy.jpg,../images/quad cannon copy_aid_11333.php,D:\Manuel\MillenniumFalcon\Websites\scifikitbash_mirror\images\quad cannon copy_aid_11333.php,True,11333,quad cannon,exact,1.0,34,quad cannon,502,502,existing,primary-linked,not-needed
port walkway top copy.jpg,../images/port walkway top copy_aid_11332.php,D:\Manuel\MillenniumFalcon\Websites\scifikitbash_mirror\images\port walkway top copy_aid_11332.php,True,11332,port walkway top,exact,1.0,33,Port walkway top,503,503,existing,primary-linked,not-needed
port walkway bottom copy.jpg,../images/port walkway bottom copy_aid_11331.php,D:\Manuel\MillenniumFalcon\Websites\scifikitbash_mirror\images\port walkway bottom copy_aid_11331.php,True,11331,port walkway bottom,exact,1.0,32,port walkway bottom,504,504,existing,primary-linked,not-needed
port ventral rear quarter copy.jpg,../images/port ventral rear quarter copy_aid_11330.php,D:\Manuel\MillenniumFalcon\Websites\scifikitbash_mirror\images\port ventral rear quarter copy_aid_11330.php,True,11330,port ventral rear quarter,exact,1.0,31,port ventral rear quarter,505,505,existing,primary-linked,not-needed
port ventral forward quarter copy.jpg,../images/port ventral forward quarter copy_aid_11329.php,D:\Manuel\MillenniumFalcon\Websites\scifikitbash_mirror\images\port ventral forward quarter copy_aid_11329.php,True,11329,port ventral forward quarter,exact,1.0,30,port ventral forward quarter,506,506,existing,primary-linked,not-needed
Port sidewall forward copy.jpg,../images/Port sidewall forward copy_aid_11328.php,D:\Manuel\MillenniumFalcon\Websites\scifikitbash_mirror\images\Port sidewall forward copy_aid_11328.php,True,11328,port sidewall forward,unmatched,0.0,,,,,,no-match,
Port Sidewall complete copy.jpg,../images/Port Sidewall complete copy_aid_11327.php,D:\Manuel\MillenniumFalcon\Websites\scifikitbash_mirror\images\Port Sidewall complete copy_aid_11327.php,True,11327,port sidewall complete,exact,1.0,29,Port Sidewall complete,507,507,existing,primary-linked,not-needed
port rear pie section copy.jpg,../images/port rear pie section copy_aid_11326.php,D:\Manuel\MillenniumFalcon\Websites\scifikitbash_mirror\images\port rear pie section copy_aid_11326.php,True,11326,port rear pie section,exact,1.0,28,port rear pie section,508,508,existing,primary-linked,not-needed
port rear maintenance pit copy.jpg,../images/port rear maintenance pit copy_aid_11325.php,D:\Manuel\MillenniumFalcon\Websites\scifikitbash_mirror\images\port rear maintenance pit copy_aid_11325.php,True,11325,port rear maintenance pit,exact,1.0,27,port rear maintenance pit,509,509,existing,primary-linked,not-needed
Port outer mandible copy.jpg,../images/Port outer mandible copy_aid_11324.php,D:\Manuel\MillenniumFalcon\Websites\scifikitbash_mirror\images\Port outer mandible copy_aid_11324.php,True,11324,port outer mandible,exact,1.0,26,Port outer mandible,510,510,existing,primary-linked,not-needed
Port Mandible top copy.jpg,../images/Port Mandible top copy_aid_11323.php,D:\Manuel\MillenniumFalcon\Websites\scifikitbash_mirror\images\Port Mandible top copy_aid_11323.php,True,11323,port mandible top,exact,1.0,25,Port mandible top,511,511,existing,primary-linked,not-needed
port mandible junction copy.jpg,../images/port mandible junction copy_aid_11322.php,D:\Manuel\MillenniumFalcon\Websites\scifikitbash_mirror\images\port mandible junction copy_aid_11322.php,True,11322,port mandible junction,exact,1.0,24,port mandible junction,512,512,existing,primary-linked,not-needed
port mandible bottom copy.jpg,../images/port mandible bottom copy_aid_11321.php,D:\Manuel\MillenniumFalcon\Websites\scifikitbash_mirror\images\port mandible bottom copy_aid_11321.php,True,11321,port mandible bottom,exact,1.0,23,port mandible bottom,513,513,existing,primary-linked,not-needed
port inner mandible copy.jpg,../images/port inner mandible copy_aid_11320.php,D:\Manuel\MillenniumFalcon\Websites\scifikitbash_mirror\images\port inner mandible copy_aid_11320.php,True,11320,port inner mandible,exact,1.0,22,port inner mandible,514,514,existing,primary-linked,not-needed
port forward quarter copy.jpg,../images/port forward quarter copy_aid_11319.php,D:\Manuel\MillenniumFalcon\Websites\scifikitbash_mirror\images\port forward quarter copy_aid_11319.php,True,11319,port forward quarter,exact,1.0,21,port forward quarter,515,515,existing,primary-linked,not-needed
Port Docking Ring copy.jpg,../images/Port Docking Ring copy_aid_11318.php,D:\Manuel\MillenniumFalcon\Websites\scifikitbash_mirror\images\Port Docking Ring copy_aid_11318.php,True,11318,port docking ring,exact,1.0,20,Port Docking Ring,516,516,existing,primary-linked,not-needed
Port bottom rear mandible pit copy.jpg,../images/Port bottom rear mandible pit copy_aid_11317.php,D:\Manuel\MillenniumFalcon\Websites\scifikitbash_mirror\images\Port bottom rear mandible pit copy_aid_11317.php,True,11317,port bottom rear mandible pit,exact,1.0,19,Port bottom rear mandible pit,517,517,existing,primary-linked,not-needed
Port bottom pit copy.jpg,../images/Port bottom pit copy_aid_11316.php,D:\Manuel\MillenniumFalcon\Websites\scifikitbash_mirror\images\Port bottom pit copy_aid_11316.php,True,11316,port bottom pit,exact,1.0,18,Port bottom pit,518,518,existing,primary-linked,not-needed
Port bottom forward mandible pit copy.jpg,../images/Port bottom forward mandible pit copy_aid_11315.php,D:\Manuel\MillenniumFalcon\Websites\scifikitbash_mirror\images\Port bottom forward mandible pit copy_aid_11315.php,True,11315,port bottom forward mandible pit,exact,1.0,17,Port bottom forward mandible pit,519,519,existing,primary-linked,not-needed
mandible pit copy.jpg,../images/mandible pit copy_aid_11314.php,D:\Manuel\MillenniumFalcon\Websites\scifikitbash_mirror\images\mandible pit copy_aid_11314.php,True,11314,mandible pit,exact,1.0,14,mandible pit,520,520,existing,primary-linked,not-needed
mandible pit bigger copy.jpg,../images/mandible pit bigger copy_aid_11313.php,D:\Manuel\MillenniumFalcon\Websites\scifikitbash_mirror\images\mandible pit bigger copy_aid_11313.php,True,11313,mandible pit bigger,exact,1.0,15,Mandible pit bigger,521,521,existing,primary-linked,not-needed
Forward Starboard Top Pit copy.jpg,../images/Forward Starboard Top Pit copy_aid_11312.php,D:\Manuel\MillenniumFalcon\Websites\scifikitbash_mirror\images\Forward Starboard Top Pit copy_aid_11312.php,True,11312,forward starboard top pit,exact,1.0,12,Foarward Starboard Top Pit,522,522,existing,primary-linked,not-needed
forward port top pit copy.jpg,../images/forward port top pit copy_aid_11311.php,D:\Manuel\MillenniumFalcon\Websites\scifikitbash_mirror\images\forward port top pit copy_aid_11311.php,True,11311,forward port top pit,exact,1.0,13,forward port top pit,523,523,existing,primary-linked,not-needed
Falcon port sidewall rear2 copy.jpg,../images/Falcon port sidewall rear2 copy_aid_11310.php,D:\Manuel\MillenniumFalcon\Websites\scifikitbash_mirror\images\Falcon port sidewall rear2 copy_aid_11310.php,True,11310,falcon port sidewall rear2,exact,1.0,10,Falcon port sidewall rear2,524,524,existing,primary-linked,not-needed
falcon port sidewall rear1 copy.jpg,../images/falcon port sidewall rear1 copy_aid_11309.php,D:\Manuel\MillenniumFalcon\Websites\scifikitbash_mirror\images\falcon port sidewall rear1 copy_aid_11309.php,True,11309,falcon port sidewall rear1,exact,1.0,9,falcon port sidewall rear1,525,525,existing,primary-linked,not-needed
complete radar copy.jpg,../images/complete radar copy_aid_11308.php,D:\Manuel\MillenniumFalcon\Websites\scifikitbash_mirror\images\complete radar copy_aid_11308.php,True,11308,complete radar,exact,1.0,8,complete radar,478,478,existing,primary-linked,not-needed
cockpit.jpg,../images/cockpit_aid_11307.php,D:\Manuel\MillenniumFalcon\Websites\scifikitbash_mirror\images\cockpit_aid_11307.php,True,11307,cockpit,exact,1.0,4,cockpit,526,526,existing,primary-linked,not-needed
cockpit tube copy.jpg,../images/cockpit tube copy_aid_11306.php,D:\Manuel\MillenniumFalcon\Websites\scifikitbash_mirror\images\cockpit tube copy_aid_11306.php,True,11306,cockpit tube,exact,1.0,7,Cockpit Tube,527,527,existing,primary-linked,not-needed
cockpit tailpiece copy.jpg,../images/cockpit tailpiece copy_aid_11305.php,D:\Manuel\MillenniumFalcon\Websites\scifikitbash_mirror\images\cockpit tailpiece copy_aid_11305.php,True,11305,cockpit tailpiece,exact,1.0,6,cockpit tailpiece,528,528,existing,primary-linked,not-needed
cockpit pie piece copy.jpg,../images/cockpit pie piece copy_aid_11304.php,D:\Manuel\MillenniumFalcon\Websites\scifikitbash_mirror\images\cockpit pie piece copy_aid_11304.php,True,11304,cockpit pie piece,exact,1.0,5,cockpit pie piece,529,529,existing,primary-linked,not-needed
bottom turett.jpg,../images/bottom turett_aid_11303.php,D:\Manuel\MillenniumFalcon\Websites\scifikitbash_mirror\images\bottom turett_aid_11303.php,True,11303,bottom turret,exact,1.0,3,bottom turett,530,530,existing,primary-linked,not-needed
bottom center.jpg,../images/bottom center_aid_11302.php,D:\Manuel\MillenniumFalcon\Websites\scifikitbash_mirror\images\bottom center_aid_11302.php,True,11302,bottom center,exact,1.0,2,bottom center,531,531,existing,primary-linked,not-needed
Top turett copy.jpg,../images/Top turett copy_aid_11358.php,D:\Manuel\MillenniumFalcon\Websites\scifikitbash_mirror\images\Top turett copy_aid_11358.php,True,11358,top turret,exact,1.0,56,Top turett,532,532,existing,primary-linked,not-needed
topcenter copy.jpg,../images/topcenter copy_aid_11359.php,D:\Manuel\MillenniumFalcon\Websites\scifikitbash_mirror\images\topcenter copy_aid_11359.php,True,11359,topcenter,exact,1.0,57,topcenter,533,533,existing,primary-linked,not-needed
ventral deck copy.jpg,../images/ventral deck copy_aid_11360.php,D:\Manuel\MillenniumFalcon\Websites\scifikitbash_mirror\images\ventral deck copy_aid_11360.php,True,11360,ventral deck,exact,1.0,58,ventral deck,534,534,existing,primary-linked,not-needed
ventral rear close copy.jpg,../images/ventral rear close copy_aid_11361.php,D:\Manuel\MillenniumFalcon\Websites\scifikitbash_mirror\images\ventral rear close copy_aid_11361.php,True,11361,ventral rear close,collapsed-ventral-rear,0.9,59,ventral rear numbers / close,535,535,existing,primary-linked,not-needed
ventral rear copy.jpg,../images/ventral rear copy_aid_11362.php,D:\Manuel\MillenniumFalcon\Websites\scifikitbash_mirror\images\ventral rear copy_aid_11362.php,True,11362,ventral rear,near-duplicate-ventral-rear,0.86,59,ventral rear numbers / close,535,537,created,map-image-link-added-primary-unchanged,family-member-near_duplicate
